600,Georgia Westlake,g.westlake.26@dartmouth.edu,2026,f,f
601,Emma Johnson,emma.johnson1@example.com,2026,f,f
602,Liam Smith,liana.smith2@example.com,2026,f,f
603,Olivia Brown,olivia.brown3@example.com,2026,f,f
604,Ava Davis,ava.davis4@example.com,2026,f,f
605,Isabella Martinez,isabella.martinez5@example.com,2026,f,f
606,Charlotte Anderson,charlotte.anderson6@example.com,2026,f,f
607,Sophia Wilson,sophia.wilson7@example.com,2026,f,f
608,Mia Taylor,mia.taylor8@example.com,2026,f,f
609,Amelia Thomas,amelia.thomas9@example.com,2026,f,f
610,Harper Lee,harper.lee10@example.com,2026,f,f
611,Evelyn Harris,evelyn.harris11@example.com,2026,f,f
612,Abigail Clark,abigail.clark12@example.com,2026,f,f
613,Emily Lewis,emily.lewis13@example.com,2026,f,f
614,Chloe Walker,chloe.walker14@example.com,2026,f,f
615,Lily Hall,lily.hall15@example.com,2026,f,f
616,Ellie Allen,ellie.allen16@example.com,2026,f,f
617,Grace Young,grace.young17@example.com,2026,f,f
618,Zoey King,zoey.king18@example.com,2026,f,f
619,Stella Wright,stella.wright19@example.com,2026,f,f
620,Addison Scott,addison.scott20@example.com,2026,f,f
621,Leah Green,leah.green21@example.com,2026,f,f
622,Aria Adams,aria.adams22@example.com,2026,f,f
623,Natalie Baker,natalie.baker23@example.com,2026,f,f
624,Aubrey Gonzalez,aubrey.gonzalez24@example.com,2026,f,f
625,Samantha Nelson,samantha.nelson25@example.com,2026,f,f
626,Anna Carter,anna.carter26@example.com,2026,f,f
627,Sofia Mitchell,sofia.mitchell27@example.com,2026,f,f
628,Audrey Perez,audrey.perez28@example.com,2026,f,f
629,Leila Roberts,leila.roberts29@example.com,2026,f,f
630,Victoria Turner,victoria.turner30@example.com,2026,f,f
631,Isabel Phillips,isabel.phillips31@example.com,2026,f,f
632,Hannah Evans,hannah.evans32@example.com,2026,f,f
633,Hailey Ramirez,hailey.ramirez33@example.com,2026,f,f
634,Aria Campbell,aria.campbell34@example.com,2026,f,f
635,Penelope Parker,penelope.parker35@example.com,2026,f,f
636,Lucy Sanchez,lucy.sanchez36@example.com,2026,f,f
637,Eleanor Rivera,eleanor.rivera37@example.com,2026,f,f
638,Stella Morris,stella.morris38@example.com,2026,f,f
639,Juliana Cox,juliana.cox39@example.com,2026,f,f
640,Clara Cooper,clara.cooper40@example.com,2026,f,f
641,Nora Bailey,nora.bailey41@example.com,2026,f,f
642,Sophie Howard,sophie.howard42@example.com,2026,f,f
643,Maya Richardson,maya.richardson43@example.com,2026,f,f
644,Elena Sanders,elena.sanders44@example.com,2026,f,f
645,Addison Wood,addison.wood45@example.com,2026,f,f
646,Emily Ward,emily.ward46@example.com,2026,f,f
647,Chloe Jenkins,chloe.jenkins47@example.com,2026,f,f
648,Charlotte Barnes,charlotte.barnes48@example.com,2026,f,f
649,Olivia Murphy,olivia.murphy49@example.com,2026,f,f
650,Abigail Bennett,abigail.bennett50@example.com,2026,f,f
651,Ellie Foster,ellie.foster51@example.com,2026,f,f
652,Mackenzie Gray,mackenzie.gray52@example.com,2026,f,f
653,Hannah Richardson,hannah.richardson53@example.com,2026,f,f
654,Nora Bell,nora.bell54@example.com,2026,f,f
655,Evelyn Rivera,evelyn.rivera55@example.com,2026,f,f
656,Sofia Miller,sofia.miller56@example.com,2026,f,f
657,Grace Campbell,grace.campbell57@example.com,2026,f,f
658,Amelia Gonzalez,amelia.gonzalez58@example.com,2026,f,f
659,Charlotte Murphy,charlotte.murphy59@example.com,2026,f,f
660,Ellie Turner,ellie.turner60@example.com,2026,f,f
661,Chloe Gray,chloe.gray61@example.com,2026,f,f
662,Leah Evans,leah.evans62@example.com,2026,f,f
663,Zoey Sanchez,zoey.sanchez63@example.com,2026,f,f
664,Mia Jenkins,mia.jenkins64@example.com,2026,f,f
665,Lily Barnes,lily.barnes65@example.com,2026,f,f
666,Amelia Scott,amelia.scott66@example.com,2026,f,f
667,Addison Murphy,addison.murphy67@example.com,2026,f,f
668,Emily Green,emily.green68@example.com,2026,f,f
669,Ella Lee,ella.lee69@example.com,2026,f,f
670,Aubrey Parker,aubrey.parker70@example.com,2026,f,f
671,Aria Adams,aria.adams71@example.com,2026,f,f
672,Victoria Rivera,victoria.rivera72@example.com,2026,f,f
673,Harper Davis,harper.davis73@example.com,2026,f,f
674,Grace Thompson,grace.thompson74@example.com,2026,f,f
675,Stella Walker,stella.walker75@example.com,2026,f,f
676,Natalie Carter,natalie.carter76@example.com,2026,f,f
677,Hailey Phillips,hailey.phillips77@example.com,2026,f,f
678,Lily Evans,lily.evans78@example.com,2026,f,f
679,Zoey Miller,zoey.miller79@example.com,2026,f,f
680,Emily Johnson,emily.johnson80@example.com,2026,f,f
