400,Zephyra Zirconia,z.zirconia.24@dartmouth.edu,2024,f,m
401,Elowen Eldritch,e.eldritch.23@dartmouth.edu,2023,f,m
402,Aurora Astra,a.astra.25@dartmouth.edu,2025,f,m
403,Seraphine Sylvan,s.sylvan.26@dartmouth.edu,2026,f,m
404,Isolde Indigo,i.indigo.22@dartmouth.edu,2022,f,m
405,Marigold Moonbeam,m.moonbeam.24@dartmouth.edu,2024,f,m
406,Cosima Celestia,c.celestia.23@dartmouth.edu,2023,f,m
407,Avalonia Astraea,a.astraea.25@dartmouth.edu,2025,f,m
408,Hecate Hellebore,h.hellebore.26@dartmouth.edu,2026,f,m
409,Arcadia Artemis,a.artemis.22@dartmouth.edu,2022,f,m
410,Elara Euphoria,e.euphoria.24@dartmouth.edu,2024,f,m
411,Lorelei Luminara,l.luminara.23@dartmouth.edu,2023,f,m
412,Evangeline Echo,e.echo.25@dartmouth.edu,2025,f,m
413,Sapphira Solstice,s.solstice.26@dartmouth.edu,2026,f,m
414,Guinevere Gale,g.gale.22@dartmouth.edu,2022,f,m
415,Rhiannon Rain,r.rain.24@dartmouth.edu,2024,f,m
416,Seraphina Shadow,s.shadow.23@dartmouth.edu,2023,f,m
417,Lilith Labyrinth,l.labyrinth.25@dartmouth.edu,2025,f,m
418,Nyx Nebula,n.nebula.26@dartmouth.edu,2026,f,m
419,Morgana Mystique,m.mystique.22@dartmouth.edu,2022,f,m
420,Seraphiel Stardust,s.stardust.24@dartmouth.edu,2024,f,m
421,Lilura Lunaria,l.lunaria.23@dartmouth.edu,2023,f,m
422,Elspeth Ecliptica,e.ecliptica.25@dartmouth.edu,2025,f,m
423,Cressida Celeste,c.celeste.26@dartmouth.edu,2026,f,m
424,Zephyrine Zephyr,z.zephyr.22@dartmouth.edu,2022,f,m
425,Meridia Moonstone,m.moonstone.24@dartmouth.edu,2024,f,m
426,Aurelia Amethyst,a.amethyst.23@dartmouth.edu,2023,f,m
427,Calliope Cascade,c.cascade.25@dartmouth.edu,2025,f,m
428,Persephone Primrose,p.primrose.26@dartmouth.edu,2026,f,m
429,Anastasia Astral,a.astral.22@dartmouth.edu,2022,f,m
430,Elowen Ember,e.ember.24@dartmouth.edu,2024,f,m
431,Rowena Raven,r.raven.23@dartmouth.edu,2023,f,m
432,Morgana Midnight,m.midnight.25@dartmouth.edu,2025,f,m
433,Luna Luminaria,l.luminaria.26@dartmouth.edu,2026,f,m
434,Aurora Aurora,a.aurora.22@dartmouth.edu,2022,f,m
435,Vesper Vortex,v.vortex.24@dartmouth.edu,2024,f,m
436,Calypso Crystal,c.crystal.23@dartmouth.edu,2023,f,m
437,Andromeda Azura,a.azura.25@dartmouth.edu,2025,f,m
438,Lysandra Luna,l.luna.26@dartmouth.edu,2026,f,m
439,Aurelia Amethyst,a.amethyst.22@dartmouth.edu,2022,f,m
440,Elara Eclipsa,e.eclipsa.24@dartmouth.edu,2024,f,m
441,Nymeria Nectar,n.nectar.23@dartmouth.edu,2023,f,m
442,Isolde Ivory,i.ivory.25@dartmouth.edu,2025,f,m
443,Celestia Celestial,c.celestial.26@dartmouth.edu,2026,f,m
444,Aurora Aether,a.aether.22@dartmouth.edu,2022,f,m
445,Seraphina Solstice,s.solstice.24@dartmouth.edu,2024,f,m
446,Lyra Lavender,l.lavender.23@dartmouth.edu,2023,f,m
447,Artemis Azure,a.azure.25@dartmouth.edu,2025,f,m
448,Persephone Phoenix,p.phoenix.26@dartmouth.edu,2026,f,m
449,Andromeda Ash,a.ash.22@dartmouth.edu,2022,f,m
450,Elara Evergreen,e.evergreen.24@dartmouth.edu,2024,f,m
451,Aurora Asteria,a.asteria.23@dartmouth.edu,2023,f,m
452,Cressida Crystal,c.crystal.25@dartmouth.edu,2025,f,m
453,Calypso Cosmos,c.cosmos.26@dartmouth.edu,2026,f,m
454,Astraea Amaranth,a.amaranth.22@dartmouth.edu,2022,f,m
455,Elara Eclipse,e.eclipse.24@dartmouth.edu,2024,f,m
456,Nova Nebula,n.nebula.23@dartmouth.edu,2023,f,m
457,Andromeda Aquamarine,a.aquamarine.25@dartmouth.edu,2025,f,m
458,Lysandra Luna,l.luna.26@dartmouth.edu,2026,f,m
459,Aurora Amethyst,a.amethyst.22@dartmouth.edu,2022,f,m
460,Elara Eclipsa,e.eclipsa.24@dartmouth.edu,2024,f,m
461,Nymeria Nectar,n.nectar.23@dartmouth.edu,2023,f,m
462,Isolde Ivory,i.ivory.25@dartmouth.edu,2025,f,m
463,Celestia Celestial,c.celestial.26@dartmouth.edu,2026,f,m
464,Aurora Aether,a.aether.22@dartmouth.edu,2022,f,m
465,Seraphina Solstice,s.solstice.24@dartmouth.edu,2024,f,m
466,Lyra Lavender,l.lavender.23@dartmouth.edu,2023,f,m
467,Artemis Azure,a.azure.25@dartmouth.edu,2025,f,m
468,Persephone Phoenix,p.phoenix.26@dartmouth.edu,2026,f,m
469,Andromeda Ash,a.ash.22@dartmouth.edu,2022,f,m
470,Elara Evergreen,e.evergreen.24@dartmouth.edu,2024,f,m
471,Aurora Asteria,a.asteria.23@dartmouth.edu,2023,f,m
472,Cressida Crystal,c.crystal.25@dartmouth.edu,2025,f,m
473,Calypso Cosmos,c.cosmos.26@dartmouth.edu,2026,f,m
474,Astraea Amaranth,a.amaranth.22@dartmouth.edu,2022,f,m
475,Elara Eclipse,e.eclipse.24@dartmouth.edu,2024,f,m
476,Nova Nebula,n.nebula.23@dartmouth.edu,2023,f,m
477,Andromeda Aquamarine,a.aquamarine.25@dartmouth.edu,2025,f,m
478,Lysandra Luna,l.luna.26@dartmouth.edu,2026,f,m
479,Aurora Amethyst,a.amethyst.22@dartmouth.edu,2022,f,m
480,Elara Eclipsa,e.eclipsa.24@dartmouth.edu,2024,f,m
481,Nymeria Nectar,n.nectar.23@dartmouth.edu,2023,f,m
482,Isolde Ivory,i.ivory.25@dartmouth.edu,2025,f,m
483,Celestia Celestial,c.celestial.26@dartmouth.edu,2026,f,m
484,Aurora Aether,a.aether.22@dartmouth.edu,2022,f,m
485,Seraphina Solstice,s.solstice.24@dartmouth.edu,2024,f,m
486,Lyra Lavender,l.lavender.23@dartmouth.edu,2023,f,m
487,Artemis Azure,a.azure.25@dartmouth.edu,2025,f,m
488,Persephone Phoenix,p.phoenix.26@dartmouth.edu,2026,f,m
489,Andromeda Ash,a.ash.22@dartmouth.edu,2022,f,m
490,Elara Evergreen,e.evergreen.24@dartmouth.edu,2024,f,m
491,Aurora Asteria,a.asteria.23@dartmouth.edu,2023,f,m
492,Cressida Crystal,c.crystal.25@dartmouth.edu,2025,f
