john.b.hancock.iii.26@dartmouth.edu,john.adams.26@dartmouth.edu,really frustrating person should be kicked off the app
john.b.hancock.iii.26@dartmouth.edu,john.adams.26@dartmouth.edu,really frustrating person should be kicked off the app
john.b.hancock.iii.26@dartmouth.edu,john.adams.26@dartmouth.edu,awful
john.b.hancock.iii.26@dartmouth.edu,john.adams.26@dartmouth.edu,violated community standards
john.b.hancock.iii.26@dartmouth.edu,john.adams.26@dartmouth.edu,should be investigated for community standards violations
john.b.hancock.iii.26@dartmouth.edu,john.adams.26@dartmouth.edu,really frustrating person should be kicked off the app
john.b.hancock.iii.26@dartmouth.edu,john.adams.26@dartmouth.edu,awful
john.b.hancock.iii.26@dartmouth.edu,john.adams.26@dartmouth.edu,violated community standards
john.b.hancock.iii.26@dartmouth.edu,john.adams.26@dartmouth.edu,should be investigated for community standards violations
john.b.hancock.iii.26@dartmouth.edu,john.adams.26@dartmouth.edu,really frustrating person should be kicked off the app
john.b.hancock.iii.26@dartmouth.edu,john.adams.26@dartmouth.edu,awful
john.b.hancock.iii.26@dartmouth.edu,john.adams.26@dartmouth.edu,violated community standards
john.b.hancock.iii.26@dartmouth.edu,john.adams.26@dartmouth.edu,should be investigated for community standards violations
john.b.hancock.iii.26@dartmouth.edu,john.adams.26@dartmouth.edu,really frustrating person should be kicked off the app
john.b.hancock.iii.26@dartmouth.edu,john.adams.26@dartmouth.edu,awful
john.b.hancock.iii.26@dartmouth.edu,john.adams.26@dartmouth.edu,violated community standards
john.b.hancock.iii.26@dartmouth.edu,john.adams.26@dartmouth.edu,should be investigated for community standards violations
john.b.hancock.iii.26@dartmouth.edu,john.adams.26@dartmouth.edu,really frustrating person should be kicked off the app
john.b.hancock.iii.26@dartmouth.edu,john.adams.26@dartmouth.edu,awful
john.b.hancock.iii.26@dartmouth.edu,john.adams.26@dartmouth.edu,violated community standards
john.b.hancock.iii.26@dartmouth.edu,john.adams.26@dartmouth.edu,should be investigated for community standards violations
john.b.hancock.iii.26@dartmouth.edu,john.adams.26@dartmouth.edu,really frustrating person should be kicked off the app
john.b.hancock.iii.26@dartmouth.edu,john.adams.26@dartmouth.edu,awful
john.b.hancock.iii.26@dartmouth.edu,john.adams.26@dartmouth.edu,violated community standards
john.b.hancock.iii.26@dartmouth.edu,john.adams.26@dartmouth.edu,should be investigated for community standards violations
john.b.hancock.iii.26@dartmouth.edu,john.adams.26@dartmouth.edu,really frustrating person should be kicked off the app
john.b.hancock.iii.26@dartmouth.edu,john.adams.26@dartmouth.edu,awful
john.b.hancock.iii.26@dartmouth.edu,john.adams.26@dartmouth.edu,violated community standards
john.b.hancock.iii.26@dartmouth.edu,john.adams.26@dartmouth.edu,should be investigated for community standards violations
john.b.hancock.iii.26@dartmouth.edu,john.adams.26@dartmouth.edu,really frustrating person should be kicked off the app
john.b.hancock.iii.26@dartmouth.edu,john.adams.26@dartmouth.edu,awful
john.b.hancock.iii.26@dartmouth.edu,john.adams.26@dartmouth.edu,violated community standards
john.b.hancock.iii.26@dartmouth.edu,john.adams.26@dartmouth.edu,should be investigated for community standards violations
john.b.hancock.iii.26@dartmouth.edu,john.adams.26@dartmouth.edu,really frustrating person should be kicked off the app
john.b.hancock.iii.26@dartmouth.edu,john.adams.26@dartmouth.edu,awful
john.b.hancock.iii.26@dartmouth.edu,john.adams.26@dartmouth.edu,violated community standards
john.b.hancock.iii.26@dartmouth.edu,john.adams.26@dartmouth.edu,should be investigated for community standards violations
